power_consumption,voltage,current
202,232.73288643244564,15.071370042959217
535,231.0963121708445,17.142949636526627
960,221.8200418210266,16.49984202800609
370,234.52794065300458,7.245559519354366
206,230.94892613798223,11.35917219369953
171,229.0182089483221,7.29475701242844
800,238.20942556806546,8.528533772029771
120,225.959189030839,18.03889436976579
714,230.4720455203002,12.093379484497731
221,233.95283742986928,13.030371527639913
566,235.92943551347756,7.676689478416582
314,229.18693615892346,9.68407679073194
430,236.8418283003742,8.453692526418049
558,235.37835482630794,8.092792467776396
187,221.32471955703733,14.569411899739551
472,220.91722532809266,8.853257714685721
199,232.41611368844184,14.480232290306278
971,226.94826816450828,5.876819211628309
763,224.1826158215703,7.1266159029065275
230,231.59299868943478,9.11810381000188
761,226.8312642091309,13.955703753435374
408,230.7452683342814,15.13761867631064
869,229.20238317967144,11.640754501692907
443,231.69532211898309,11.686863718658435
591,228.00600977820562,15.867752770979271
513,233.95335147393862,5.2373163764837365
905,223.60134544698596,10.11635036711331
485,233.93002932454158,17.28060585678849
291,228.23322428715056,14.048291153200584
376,237.48635209708834,10.058406991331307
260,230.30472109728422,18.582871884945106
559,239.46220698540208,16.589340911740738
413,232.0387079108192,8.973431708551
121,224.4769813181264,14.679347562885754
352,236.43581273688898,13.93626092283435
847,226.90165255644774,11.017818710584741
956,226.95238428965368,10.50434118807201
660,220.6360936297033,10.15340712163556
574,230.97430618414816,14.257336750934702
158,230.68847007465047,11.636149047210044
610,227.11982968543973,17.47794669877133
781,237.8843452579185,15.044039242009429
575,222.57496796599287,6.048974085641512
799,226.6019902662031,14.602523357422491
882,226.43165529360058,9.067211547502772
289,221.84581172457493,13.89217987480134
786,229.62290788112585,15.20197896655177
662,233.75569434192167,8.462437837310182
975,230.23314027094523,11.85287967320553
666,223.13955365432386,7.854872942286017
343,227.54571930484144,5.785083136797625
931,220.05190048767292,10.677146352288036
604,237.36602214071172,10.44416407768988
230,221.69034015361365,19.932207360563858
584,231.94556164510863,11.695285267964632
918,239.7251399173363,10.003543242083007
746,230.73181291974666,13.707125100750119
120,238.48083518214867,6.331510911616527
940,224.7223306623481,19.4249860393222
266,235.19910817875171,14.524400683865498
373,230.62531507947068,16.322567299112716
487,234.4103212278293,7.5571690726087635
700,221.24682725022484,11.142167795078059
415,222.95478183812455,11.340336700942842
113,222.66233857174956,17.327096658516304
341,233.74331010806662,5.018550196391142
876,236.88881345267257,9.512796625298826
445,234.99232464017174,19.718545615164558
664,220.60944305467189,12.123298152593279
997,237.34429962149446,10.737894203660124
439,227.0829334158625,6.797435030264696
191,227.94327665008166,19.612469429420234
466,222.09738333064962,5.300395338887367
554,234.7481041218764,16.057703375108645
527,223.64567756951917,16.528997071827625
608,231.27930184037672,8.654850740958
875,236.8141997175586,15.07337665419556
134,221.78408657424112,6.393937165690849
305,230.70671128031046,8.855708996481198
180,224.66432823099603,16.818529824383972
661,226.8585372855652,17.970292880503102
971,229.47939882861112,14.12729618989687
487,227.1020860655861,12.602576477307238
101,232.97645680583153,7.389560309284704
489,229.59164203508502,5.946635496187253
665,231.68398969428338,6.764735427103379
205,234.73644950789827,8.410359501441482
871,231.15484531900876,10.125117528453814
921,231.73070869321518,10.713642882664807
576,231.28917085045282,10.194826528835053
802,227.5754525190258,8.585829982958984
501,226.74893667743837,12.645863701275472
829,237.99294794290023,17.37929162349345
655,232.15110444587145,9.195553077072187
261,224.88706310929308,19.135805286533497
301,229.9649539569788,18.100049925857718
369,226.6069696256183,7.426463170281644
962,238.6738364751975,16.794139351356417
915,220.1506872626815,13.6188107347665
370,224.50665595425056,13.498630432571279
555,227.30713639348116,10.865641445872615
561,229.75619601617475,12.517294987730146
826,237.0163503567229,10.957681661438166
351,221.7577524908029,13.095989281399142
801,236.11729773482287,14.419250791589537
395,221.1130697871395,15.114557096135727
824,236.84628070596364,12.987217888391392
819,221.03270955749025,15.821331009930976
848,220.3648496285672,7.119170739132587
437,233.93922924732843,8.179737363533578
978,239.94511069536787,17.28102506111405
152,237.9322052594804,9.837919667696227
891,231.5199683561132,5.343407374641804
316,238.34791226171063,7.306867245020467
863,220.10600012795211,8.35421651744467
287,239.50134325890286,19.359843318418807
479,229.8149755851757,13.595621433962739
592,234.4579219324355,18.99096110714382
140,236.41722946306706,13.627450257449373
256,234.36914541673107,12.190316602067776
114,230.70073464089822,9.705915367911441
912,229.53238968252825,14.095564166500633
164,236.7716511740525,7.087970369262948
956,224.10155120298919,18.47392440939059
938,239.35988133008468,17.439986077119258
620,234.21904957673496,9.762971718151055
443,223.9901385467664,19.291962914019415
228,234.72494367396976,17.378011511233524
747,230.59680046362234,14.994603287525596
571,234.1446019128889,6.826428666879122
162,235.35559002885677,12.173510345721084
238,221.7458035917935,12.591613322701264
598,230.12207912718694,8.488270375480703
692,238.6402868451387,6.199480915389529
491,226.41284384319027,16.65085445707539
774,231.87766195115796,6.8305257818659255
518,227.38460963019793,13.91436125842662
388,229.085359444382,19.046737608254908
478,230.97206235876305,18.141577888970637
872,230.97843959777956,9.166289356238916
589,224.0346092466047,17.77172956326898
330,233.69143095759665,5.004987591807341
140,221.75736222485313,5.265317144198859
127,222.7764954688404,14.038297457642974
234,220.05421798828658,10.471973287167941
300,222.33392128283361,10.796912617387207
939,229.46332402103783,13.466616360183238
879,232.12203762111676,7.876736833877908
132,235.88578899932924,8.176330259982176
147,222.13398500226873,12.26902380528297
602,237.0145492003291,16.313803165157946
506,234.91949051097436,14.292466271113815
673,228.17036585871833,9.460325723552582
827,238.65876134199908,11.455057662633818
904,239.8185895291478,7.559971378249976
198,224.10003620106474,6.119447215056226
783,227.584571699276,16.74044061116224
971,238.5289884717942,8.980811137822919
825,234.43193101502555,7.666495817768723
646,220.96189287928175,15.37427083353979
838,235.6302896350283,14.27077511430779
712,236.55881774354984,14.49784439020196
561,235.01003849530628,8.433419072699204
742,235.9907426183903,8.489683078440216
868,236.50265353385595,8.312039446784587
104,223.7280997357629,7.606288934934417
317,224.7138349213,14.835855088424845
602,232.67517127440354,17.72023827874102
866,238.15732260925031,15.864762045149918
497,226.3239316459299,16.881404506408145
970,231.76613351590115,11.071976436277996
894,233.65964126834265,14.811136930579972
492,229.0389720259808,10.313543606671619
306,234.2756490971065,12.8825693295296
114,237.99334890584345,12.224522698022934
957,232.48203088363675,7.653307177157815
653,230.79562123829265,10.806181405034462
991,228.7748935077668,19.457334132235268
560,231.5497254181225,8.728703865724132
790,227.10724903636793,7.00705604419233
674,227.82964220403005,11.27870932435903
963,230.63714959376347,16.85506603790222
842,221.33238224781633,13.732223446699583
340,224.58050781849593,15.214622408573668
663,230.85698621226817,7.845422722620158
195,228.63056286272885,14.284222895115823
999,226.6563157182497,9.852505923672107
833,234.61098273618603,17.514550489321515
584,233.87435214806678,14.439482090161043
506,223.33461519986767,7.982844166629439
330,237.57258230746876,5.969250197661292
848,229.9084725280793,5.639498139305491
754,234.82921822278092,10.571128514752111
270,231.46301698514776,8.987767049814703
640,239.95385231847686,14.69135185193762
135,235.04806240077644,12.490007524679275
624,234.1396092248692,8.990289170080711
259,235.57143878101502,7.238566669252641
938,222.86255971096938,6.907996440311743
798,224.09089186338926,17.969905882106264
342,234.28128164447227,8.652169526073008
185,229.87962974261725,14.775659718664524
895,235.09270583720235,17.16028891979399
677,222.0583206148829,14.211219667771042
781,230.7296270296919,17.89347847470419
656,227.57643131113832,10.885905822927118
673,229.14000438563357,19.343332859734225
745,232.07915744145026,6.997175062671454
895,230.0457669492506,6.532242944863071
127,230.79721274225673,14.880382193111654
719,229.72714963991217,19.142467121198926
655,228.17910354170988,17.133251924544922
439,235.4376396119649,6.1462528915707715
897,220.2440614463609,9.190515709020746
430,231.96885402410453,18.954783272567354
739,231.31016694645947,8.795876492011768
605,234.32358149465904,16.71755635680379
447,231.98058729554654,17.376982938930556
572,236.53597655618157,12.431781551914726
330,239.18149589128055,10.795233647724732
289,226.85048514357086,11.751866486296395
324,224.54701966059974,8.404470415480462
484,228.47193724840966,18.340863741932665
476,225.75859232951453,11.759294850946368
382,232.2990052630531,18.236891606841496
732,238.2370481768593,6.585402198594111
727,222.78232388286125,19.82412906500197
844,222.01589206031773,11.649096311654274
358,225.12031063707323,5.717462305911582
458,234.52191172124802,5.570327723561824
809,231.85925810517642,16.19310886222758
555,222.04425328450398,14.88553301305521
510,238.37501044521494,17.031958371913813
748,235.80169274248175,6.58051300929209
417,220.46045209575274,5.533563005533225
776,233.02734421976493,12.628689341713677
324,235.42493337039477,10.813928472241543
918,227.48870739440844,11.929204050064335
333,221.37843078734437,19.87382613305411
783,221.54642130977575,19.561249365060053
763,222.0849393210362,19.13473084509789
926,236.80879263960847,16.75764015151511
473,238.21372396511427,10.322620403853357
771,222.45621563691466,11.181963953941574
707,224.71812069190162,13.244240655783868
571,223.3104102073458,17.4580168460726
332,223.7264175898824,6.030692487774017
791,236.74981578004986,11.364453288273321
212,226.64292825309877,6.23926495188903
929,226.22888528091283,12.719863798602674
596,224.54791241754225,18.48351236009353
541,232.15788787588517,16.73727386845907
663,227.586113967711,8.41763626314665
367,234.88499303686578,19.639862743981887
609,224.11159616751274,15.010255970696425
906,235.75579777428985,5.156415490961046
485,232.07443063460278,8.831202270278293
486,222.28534600111377,8.91069949879875
212,228.29009168407256,6.038814594287899
712,237.27036281225915,19.397397771138934
724,238.45920463596968,12.173829418638856
180,229.31400244637626,18.437218960578228
798,229.61673956178146,9.833232551669425
212,238.369094498786,6.878503556492407
101,231.74136448273134,12.115041648593209
741,220.65693340486877,6.709349520714758
319,238.25498925758257,12.290232544663098
665,224.96452885514304,18.80445771829112
954,231.55263908183093,12.811522127513191
835,223.31026634855948,14.247495903426252
324,220.6775832049319,7.349576554607125
484,226.22946342265516,5.656034388199542
502,235.60991415092175,6.662119432697105
737,225.55174345258837,13.977973635265485
229,224.40194428162195,6.42517548488457
152,224.25361568682453,10.63989334911967
783,230.30347364813625,13.25137910687234
829,239.51082631365512,10.829791979447705
771,229.17977976034027,7.455257021979522
809,231.14610737780094,9.106869612711598
515,237.21264035781468,18.924762992728652
346,230.70139437867317,15.139734133795331
935,223.68925742837712,12.4407175801983
538,225.99191823532954,5.190723349803402
302,226.19873852537222,19.886231007342055
283,227.94636230915197,15.071824023419648
222,228.535778106735,9.753837160174175
500,235.9956404414854,18.189029899967572
866,226.98773998098665,8.876474304377272
393,229.3646365688276,13.160248687741273
379,232.49951974102106,14.541061455947377
936,227.55451894880338,8.315950571805928
983,236.73129626584665,19.67595918200894
709,231.74907208468147,16.222878589684964
297,225.88089358441943,13.367198382666048
610,234.28118399579657,7.7089189726295135
851,230.5529546028957,5.807873104970392
243,230.68911782514493,9.800897487814751
708,229.62175896775173,16.297810038701044
300,229.94023897642498,9.039969474530377
223,235.30712562132481,13.093343307432576
286,222.0596295866263,15.919207650961148
425,226.68725622620966,6.619155719696965
563,221.5100672760778,15.279470241738101
448,235.06492441494902,6.378063315650671
870,225.446037094406,19.476946131904946
759,237.94860819637768,12.325911950974094
863,230.53156933318587,7.260141615648161
502,236.01499542972243,10.135754540503196
445,239.57862871231922,11.201246739428921
610,236.7957771891314,16.37277516614806
246,237.33987520023047,16.15135679114914
247,228.1596899072969,14.179107580059965
963,231.03445190518678,6.588960688377394
810,225.07777128086607,7.2735405738151035
919,223.92226199386906,6.406353809683349
588,230.11015758212068,13.657591749313251
739,231.90097959400842,18.15707662267106
650,226.78542491792382,11.507007683821577
437,231.38887035527,7.4127226093661935
971,237.74920965027007,13.370634877234505
740,231.13443169566733,17.176283252985648
878,234.41626192621013,16.125680922693952
572,236.1062993471581,18.221761695125323
250,239.77457563910886,9.168531458733018
514,232.0639480435396,7.909308009016623
397,236.13700297925172,18.19724728912908
710,239.2529863710975,14.863404691670347
362,238.88819451154546,9.663933950113313
863,222.82163697555427,16.135220758587636
243,228.12784616547043,17.226775767205517
445,226.479801222136,14.224673605116985
723,221.738500299007,15.318261648198726
671,232.6648154982192,10.628898566639995
980,234.71809226392006,13.080435010145587
101,236.96256190933767,12.862387560892433
996,222.45553779325417,17.720716866961578
403,237.52888151750588,17.59945970423274
353,232.85851127228506,17.490207040205647
751,234.0789227027702,5.165474213936987
552,238.21248007080607,16.243182267033326
136,232.495225420865,16.380145851665073
259,226.7173171429967,15.175682342827127
108,236.5021466284532,16.343969868371786
332,227.26118424390182,17.62955557245063
198,220.68456221641057,12.054785811526784
758,236.613090131305,12.530753202326707
915,226.9038428976255,6.870710853670857
307,235.4766904640268,10.780638245710428
230,227.2551578933189,14.650477698676765
503,237.22136039949444,16.70599664220912
251,224.39021050161918,8.258136465368159
153,239.4909453039774,7.067343487388531
219,235.59517549576063,14.945630067507384
772,222.28475851840793,5.0281982528736595
727,231.3155323993312,7.675588764609947
686,239.7073462448347,5.436070705159306
724,229.42130905387629,7.503276767823063
519,223.64214277643165,7.719789198882578
521,229.69556734300693,10.815103921255913
203,230.24915311763843,11.03490687029834
951,234.8337388845733,18.113937059153567
353,233.97691706321808,12.651645687482379
326,228.0510008719396,15.851071484184294
211,224.36046214988173,6.562060368804312
609,232.9010833553866,8.381581331955408
572,228.43407869106562,15.544151614680151
198,222.6455242225066,5.792059407027922
252,238.01144602472772,12.298964933656297
960,233.8244371521931,13.990534484944007
995,233.66367712890963,14.032184660787216
977,236.45167751823348,5.3439921690206305
437,230.59323357310163,9.831620063437782
805,236.30108856804915,14.54735976573731
921,229.96181507022013,7.2349960422386514
262,221.3435079983142,15.431234724920799
819,228.10496176055378,16.18887813220512
780,229.94929787959782,19.72953785669218
260,234.40405163264592,8.147629922846141
679,222.1315746025735,17.376960014991727
900,222.80037077320898,12.804448653779811
497,225.27367605269234,10.601938942162601
376,225.32996786741765,6.835651359877669
915,234.64369156918124,16.032584097313062
603,225.01461321123196,8.537863987155307
995,232.66196126714894,10.571330028095687
491,229.88547700276544,5.938133403460527
234,231.465887563588,17.020503737292785
294,236.76213926356593,16.49882785957465
500,228.08763003098048,16.004237450634687
739,235.4182275412854,9.4916526573783
132,228.44072119101375,7.602201113989358
787,227.077427531225,14.563298967053447
559,239.17254354626442,12.442495761698293
982,223.68741841357925,7.673787003569624
569,221.80673921155216,15.288669065747955
474,235.41971851070957,19.866896477319557
121,221.36499410708183,16.208293816130563
849,236.74157981406057,16.099795800284177
769,228.74386792714486,19.254691293958878
137,238.31027354583827,8.044045513623534
329,234.4306572224381,13.483249473821605
464,232.20809334015917,19.694700725508252
662,238.9861359411553,7.479411664552618
537,227.93298746104108,15.503779391667814
875,239.08173873079267,13.78715218957853
382,222.70002554842415,13.797186382830605
126,229.67509883864827,15.465059412801127
325,225.3982244478439,18.944253843135265
376,230.79685557816387,16.73872909777007
897,223.2402775578317,5.84204155124315
708,236.83059320620086,17.790920298135667
383,236.92815698629116,8.383119948885989
978,239.10472625446957,10.65371247104558
580,223.09344281766474,11.925992204185732
552,232.4666510180998,12.213590011296045
928,229.4847461740074,11.527705988830352
915,226.88767464088465,19.060299413237967
758,227.03080322268437,15.590285114960368
615,228.25587101213506,14.467559689350596
646,234.09851099377906,5.747630416744124
291,231.9657211653631,18.55869995390562
148,229.19363025522262,18.64085288012594
611,221.51866820739244,16.703195951451534
116,221.55530688157913,5.105438057204287
271,220.04678781251556,5.859203766164351
319,239.35398776414172,8.378355534027346
257,220.1050763711677,6.970241122173601
576,222.0618749202749,10.98254044555594
145,226.29193113618823,18.839345871316844
472,236.14860503633523,12.080906512954975
617,239.24197571528236,5.201039396482484
198,235.8002711758371,9.24118534368143
991,233.81120464891282,5.668923625594423
844,230.4260133482714,5.544314339202533
136,221.73410423724368,9.135797796433284
379,239.1634158600786,9.134185080184182
448,235.16784827891362,16.80689903902406
596,232.77898770668523,19.622519791716677
401,235.180716910777,10.568106408349975
280,234.48206658546277,11.43330318291558
706,232.74463159578974,17.671841544290324
198,239.61153600359975,9.0220853014327
799,238.0672762527205,7.345727066051719
215,232.93329838234325,17.796344351054756
290,233.8635042291385,5.6975087966009825
352,221.0319161331742,14.295491602991236
260,233.39834929100078,13.429892712002102
355,220.883308754202,10.188806712525414
422,231.76527513939863,9.727842816460385
227,239.9870699913167,16.57786589272432
117,231.1161316287436,6.296369161438197
892,229.46420236162666,8.55176463967078
834,226.25709713011176,15.986730977571346
665,222.4104515757293,13.224808755896364
669,234.62047342916563,6.919823128003796
422,223.8519805557126,18.2320342142309
971,222.3056404249457,10.901717698453872
785,228.43525319461025,17.41802562983259
891,235.90683675918194,16.81569523291563
725,234.9012909624044,14.366381697075921
387,221.0976522929295,12.417216969426395
953,229.10287370072314,19.693262605726353
762,230.44869152142337,7.174476085697256
738,232.89093301251646,15.877335913266721
254,233.00334700886455,7.867860521971835
589,227.29394498914613,10.073946579985225
485,231.2135438800703,9.630481150597928
884,229.62123767688172,19.205539816080844
203,237.6999671304656,19.51034266682413
492,230.60530265269801,7.745231663520907
910,228.82064323496323,5.330527404462563
345,228.089708993637,15.800120594946696
275,231.4485551886693,11.269849008057264
138,236.07953958801795,6.332603676313466
576,230.76802980761576,15.256311583655638
781,233.23310350161083,13.176582923910495
858,234.7571153381305,19.70775233001659
637,230.40336219757464,8.411142437920685
966,228.5363411330973,11.059668144898223
917,237.53330755724897,13.138187050931343
507,228.35012168055783,16.875499826800272
624,229.23885701151175,13.232579850800882
927,239.80682626683554,14.193502412929238
605,220.0047504715177,8.392205773849112
924,223.70945819153445,17.703780921328395
135,227.6792777983945,11.429458204557136
784,238.65179818850507,7.114394412826539
119,221.40059411494943,14.96281871758126
420,220.18970867256996,8.241356797779613
875,221.05367671954457,6.463437653589496
611,221.77086821227238,17.929803626064086
499,220.7519354641252,11.902433967326594
753,229.5956265371301,16.239255690436647
982,231.61514414454655,9.358813397095325
570,225.4337394213801,16.804552023764995
242,227.9657476795127,6.679038905322955
191,221.8339867022286,10.33960060692279
453,226.72740927656844,19.670927269602927
933,230.45038383269048,16.90984574552009
899,234.6454361436929,12.458838954720322
826,220.06692724085957,10.096662073428277
953,229.34621533075304,18.08203550033715
150,225.94005752909766,13.172716386267735
764,237.05643643383803,16.376375268036668
797,234.31106630468483,16.31161520474246
674,231.7821706894179,5.269185178527377
289,225.54531291393548,6.893806741889202
224,238.2067820411507,14.894440495921133
249,220.90201354440646,7.424297169288072
413,222.1893519735823,8.83240016983407
669,227.83260281080712,19.199569312994107
441,222.48875114593713,13.402733875623678
404,239.1283139511885,16.260942604990205
791,235.95978644286765,13.369711081739599
781,225.17965303203627,13.287704221740878
937,231.7710845794649,6.412278651885469
882,239.64661030160164,10.154947889136546
153,237.68397956263004,9.236463480297676
543,232.01596892884396,10.860925484204198
712,238.0744793435054,16.975162823364926
363,239.78369819626718,10.578990018752972
152,234.86705645787248,11.77545228847524
671,221.29972818965788,10.960720857279748
719,228.03160472850976,6.401119579629434
104,236.7565147056649,11.616082373761756
202,224.61138391610038,7.934139095667725
295,236.61285035501248,7.800849436595622
873,222.40677524069991,6.410541566513995
976,220.93890714295625,10.35006461212647
983,227.681812229825,16.36222827184126
449,220.73463874853226,9.146625358750942
146,239.14540525966652,9.685236528282704
966,236.52411391587933,14.640119865086355
922,236.0153937425975,7.937612188803783
919,232.59555845992307,18.454368956353015
755,224.32648046073106,12.802857848773318
368,230.36520733352785,11.714044104803254
469,231.9454814486068,13.367302878938021
735,230.50063001720537,7.490514701242931
205,225.20466735903054,14.202097079587645
769,230.3049584862945,10.446511049510157
758,229.82372681737252,18.457795114469285
756,239.9267155161345,7.532813100165292
219,237.94872296092407,12.605766557981616
930,229.2676149643124,13.97168944053527
886,232.45874765870238,5.500754026795718
703,234.95743208184456,10.455396871342103
157,220.6973032046765,15.989528520512492
445,237.8984288245568,17.305662611734597
840,237.20253632835846,9.697429922259236
573,229.14864195547415,16.97889908574127
216,227.8233953216076,19.51633815655083
929,225.4591874971263,17.853109041126412
890,229.53353656660738,6.764659822389878
226,220.88753327066473,16.095954981283107
492,237.04387066694017,9.79500248660817
740,220.7084473683709,19.82623984118115
157,226.58102730739742,12.280384747398307
733,238.6317897663798,6.836508475384115
612,234.70425309046905,15.877783220410862
850,225.62781921155053,9.845167975793208
901,225.0529818792177,19.956172356224926
195,220.10164279636052,19.696736867817826
737,233.914285856995,14.84201027030871
217,220.97567163346346,6.947396734275763
659,230.65205038801525,15.302914965125435
700,239.242439451841,6.395457296900409
587,222.1893772010891,5.440462386535884
336,237.88959861936135,17.34437669332229
984,239.82950670290097,8.146294215255221
996,221.2303405247847,10.685406893286462
371,237.65812538274923,19.6018608496426
288,230.32158040887234,10.05260752791655
803,238.1302743888916,9.44734671924973
546,231.42637883839149,18.773119994341627
680,233.24224020213128,6.661226679784372
889,230.875578159948,16.393736151719477
960,237.28985760614697,19.82098349979161
346,234.67819837907405,18.519440161619734
175,230.4252062436083,14.775018780596389
253,237.36321608103094,9.71091192489098
755,224.9057106451067,8.814829717674751
534,223.1468131940505,17.288826573071916
185,223.20800210660144,18.197328709275432
796,226.68017757490475,12.881523688185393
384,224.77380062602035,8.665099111796993
319,238.60180701019476,6.694148126167603
168,222.11668187657168,6.307692017477468
146,233.97981476079175,15.786161710307834
193,223.78443079570013,11.301780917715874
849,237.63274265540701,18.580398114168055
552,239.22630576369815,16.095069510901453
303,229.30940017539967,7.868906268718801
317,237.58142960456263,14.206661282235485
573,220.1029034150943,11.53258181597239
531,236.398938348162,13.658745961529196
440,224.57250323049848,16.071036850077757
650,238.17402618538736,17.09293821505686
711,220.0224022296022,17.656059896100864
388,231.12363470079515,8.80962311858037
353,235.13271607569868,5.466733998760366
833,225.17376661395815,16.089421027471598
456,223.86265729174585,6.595155893836619
122,221.6819644893597,9.723793829194515
861,226.52867153006585,5.057257011865207
621,231.19688624617658,15.2250422360243
857,222.31687713560515,7.506980172068319
936,227.53390723973598,14.829236145374873
199,220.1814480930545,19.876139257517583
901,236.37358840999684,6.090063074150244
279,222.56897436186384,6.156170179271911
322,225.66685896531163,10.105701390000124
861,220.36855437476436,17.99579771377013
758,228.64481567785026,8.232948031869977
541,236.80243005482438,10.405667298955214
707,227.84302422890394,6.027581099404694
868,223.58994646847665,16.447329368883338
424,235.07397668101038,11.124595141391767
615,235.77613963741487,16.388730995912642
115,223.47506950615133,18.55411766520193
891,235.4170821708198,8.491447206519332
435,238.94595776512676,17.110940455099268
858,223.32755173864544,5.886408351173799
357,235.4196858506427,18.48271082270371
596,234.1714400920526,14.76152821338121
995,229.47147776870176,18.113400862075274
259,221.15840921117598,5.002825993348728
574,221.49388835515708,7.536216055339888
951,237.04829318397296,10.84639081139738
763,239.80296745501295,10.69254355062078
789,233.52104514373508,8.40095574385266
774,228.9191661402064,10.724179098008001
479,232.95147286803814,6.932730680003822
644,231.8879171845709,11.19141693899039
790,227.67224520811243,17.03531493738896
526,221.31252289148026,12.186050946550267
712,236.43025894814883,5.270001334178225
367,227.4366705847745,11.321660623688711
934,236.37571286714189,5.407625241362663
676,225.05017499376765,19.49365116060197
516,220.02058959691266,6.911809391343034
267,223.17876566553514,15.615324894959281
941,229.37078833537169,19.59164484338129
142,238.88607269915659,17.390585774998577
655,222.04387239387438,15.489730626893055
384,237.08419548923132,17.591913642511503
496,230.54048192423724,19.726980398909415
111,236.51841531599794,14.320167458802944
706,225.96748861979984,13.387772102439897
401,236.79894329344944,14.423571656949221
997,235.45645560033608,12.990138301423325
352,224.60107366062869,14.526336588645782
598,222.62670252818756,11.74763311958839
853,237.36108645064587,8.276647743249606
134,239.26473306880263,6.803708397675134
826,220.6260462749503,6.025114032983906
948,234.6254013394737,8.949736756298002
189,238.19049021895637,5.691853465036008
875,237.14720184184998,13.507561698790784
704,239.29040944540418,9.257426705352804
701,235.20188156876193,17.368022121305483
517,228.8459752476182,6.113613094825796
214,226.2390398099026,8.395272415122289
716,226.41485480876256,15.953692206352189
295,234.48845345228233,13.98212444575237
925,234.91674024061928,5.967369068737513
600,224.00718287097425,18.158591857433006
725,237.36245626981062,18.15892644239269
592,234.29848080404494,9.956120058136609
174,231.25500572686767,10.10608765024347
512,229.43064920205026,19.83542537525261
475,230.86465611579916,14.392642573897072
519,223.1849147655853,12.969747808520886
828,224.07402498552548,17.572282753278866
376,221.82328980812383,9.279355075359746
860,223.07316076322226,11.437738900945353
775,229.07387269210565,9.016650132325012
493,230.6070878745651,16.83741269883097
968,220.3572378495664,13.60024018452827
556,235.93595655728055,14.882376052101058
291,225.88335946686956,8.784608747591099
838,238.23672069919823,8.303379520659727
788,239.35022527227557,12.32561943474408
198,223.70917749353308,16.0634862363924
647,229.24194581531322,12.878596362802401
195,220.02463670332853,5.489685163185029
763,231.96654530244854,18.02827259480433
762,232.1461289652534,5.970303402726974
289,224.9507991120675,19.337367255811284
835,231.16825345166396,5.377129374159091
136,224.5108028488747,15.416756841960632
879,223.2165093815638,6.233105955676725
468,233.0303893360453,18.66014869152709
794,226.5185092790415,11.966498543383143
624,231.80527877771246,7.0628566222552305
378,228.6649349794331,10.112235496847699
316,239.6870281480581,7.472370130201431
966,222.9916128533513,7.558728673356351
972,229.2919719327162,19.221624802571633
897,233.60913252718652,11.678691684271822
372,227.91090167759938,16.832033958580393
980,239.4939970374138,14.594083417665228
161,234.4377525585387,15.146395435075885
695,233.13967715128987,6.975401577080578
979,235.14118535222445,8.512766702232284
828,239.05297276077434,16.801255027316554
441,238.1563730596928,19.561493097121744
496,234.48570616252823,8.940134638979776
798,234.98323278202565,9.073531471265598
118,222.9184414807029,12.093456992163572
276,222.05584808985333,19.757604692831567
711,231.41809003688329,9.034384187397066
495,220.3673527388108,11.104578644513959
544,229.64712763103182,18.3722002343526
332,224.20699159837739,5.04381548932043
175,226.9203313528968,5.596489474828543
364,235.5160947158591,14.061075156068288
554,238.82475008464772,18.610702470692704
895,221.44832544292683,8.582849906028915
817,230.6848441195289,12.044626620210636
834,237.650669716392,11.756979524867274
483,221.65017068880843,12.094570191432652
663,236.4902809379367,14.337795435946179
950,227.15602701856542,12.046156444860257
605,226.44189404438671,11.712022119836867
466,239.5493277262957,12.114326306468907
243,224.01718179724588,13.863011619065622
984,233.86387881645362,13.055112325270375
168,236.42881456019734,17.812039964757567
198,220.82366990558543,5.7424528024049994
495,233.40770916708826,17.499756072095188
124,239.03099948710653,17.65886918917586
990,222.48439933456118,9.273620322964412
568,237.92442605370076,11.942779325237758
583,231.8955327475387,11.578077328061532
664,232.33209163724948,8.277647515311955
250,232.25888349731213,10.951952706294747
243,225.97671772674627,5.665816582562816
668,238.70403630598918,9.167331091726016
138,238.94700925262077,17.25023263176077
208,232.50609320427895,9.268434526443464
792,235.6684545188323,17.273100031223713
141,232.24515971762315,12.973991969066462
285,229.6879689514808,18.1979401604174
497,233.216402365985,13.621693313966228
322,231.06002905183917,5.445023345971097
733,231.9495172526386,15.131303113206338
232,235.67665106837723,5.67280352035353
262,229.6180766289797,11.75895528474701
314,220.81508212184946,18.94140041709671
832,223.27998961978994,7.478059090067752
334,228.77214432979076,10.848085294123162
942,234.49653119748118,15.947904632727177
757,231.8655729662036,18.233878341422717
850,233.0058837174691,15.064145071137618
687,229.58557857152576,8.872598812867539
108,232.31484043884487,15.119117793743243
173,226.58034875629323,9.45091461656135
591,229.4036518539333,15.776438447281029
352,234.8855813118991,19.31049691377561
329,237.4366555794624,15.820901766594325
618,228.67310667912778,17.943207543686185
273,220.87323315414721,5.031557647638251
752,223.23345088293604,15.763581870973915
267,220.41722278583077,17.443813352978754
269,233.0652603847466,5.608381063170222
492,226.64629250710217,18.07396590932346
894,230.84957271438736,8.850413424650688
733,229.865536935676,14.979381529670828
293,221.63052979104853,17.0053231853511
616,228.06522722247664,14.939967695890331
128,224.41122249844648,6.384271881098859
264,228.36799577335304,13.944822782905526
521,224.07156560684484,13.243754850832154
438,236.80904812553868,18.504819021114074
747,223.4838667315651,11.063595944663138
595,239.21561102973953,9.816216456305753
464,228.3181473229388,16.247761466546994
932,236.92490584038097,11.19012989125095
441,232.5752963641189,14.691442625075945
599,234.70700597331506,14.696751351869105
756,235.3544777613356,18.32058596540177
610,230.09689763786037,13.980386034786461
426,230.86601046726577,12.532304149429804
316,230.2799173561745,7.083069895947755
400,231.76116756180159,6.736064100180581
231,220.58788891513015,7.314823479246191
903,227.9103033969803,7.577727219906418
169,232.12377427122343,14.568156389954508
351,231.9544713051173,16.114718754118677
514,235.85912189211263,12.94987284389628
886,233.10018677664218,17.435265988182366
544,239.84266632681346,19.8689484010045
975,225.67709057217292,17.30018943679034
281,227.18302059332464,15.423235605139388
266,227.67694303735593,12.9873904915572
190,229.31625614040496,11.732796075120623
813,236.7199612756242,6.265885708168135
957,224.7158418791842,10.990531225920364
630,235.52000414070858,18.652019551732014
138,228.10620366171486,17.120339448598294
225,232.03710767324017,8.240770475175308
550,232.65081066452612,11.999116770458238
272,227.4569727437787,17.25084803837817
752,230.2523041041161,6.010768321782837
853,228.26062349295393,10.810888785029888
319,221.3826557237324,17.777618553109214
737,228.74330777633654,11.058467962551855
157,221.94786785107104,6.1642196709716135
759,228.10041598160643,13.138015527983772
575,231.85836799663565,17.926137423774428
555,231.58829798687,13.854283144297396
928,233.2524255801664,8.394186623213477
994,221.90523015909253,10.76359430206072
460,233.04246491060877,11.751850417728983
100,226.24296113392893,13.688995307307902
486,227.98091892274223,16.390265386289194
447,237.15972507845413,6.483104264609532
289,220.180608082591,18.344780495263496
604,231.76825266681212,5.184645545241134
290,231.97427960200216,10.550785020113828
607,227.93319552687123,5.411304649589865
468,224.74055714216672,10.894613380179369
508,224.69348076523102,12.887188983099858
923,237.67419339321506,12.675220798722677
216,228.84048747565714,7.48442520542398
233,226.61778725978343,14.686107651434185
157,228.97555147662806,5.671676757570023
655,233.38780802918723,16.42860230198623
784,222.91513136489505,19.199666509903196
771,228.98867670427475,10.096532407266768
272,231.75768742220774,12.758590725714978
928,238.97166709702867,10.683654170882216
914,225.0505556415084,5.100655854560899
248,227.1850149583249,10.78811754342674
179,227.58717179844848,16.875803888920196
985,232.11076315289765,13.939832632752227
312,227.13464106080002,6.5188987192273835
302,230.67023850599392,17.707092345406778
863,235.63580659690058,12.966280173278642
328,234.10771188224408,17.62585042617014
775,228.92737293025172,13.70332278177544
326,237.28432355348338,13.395326672569098
758,231.16280499187727,6.5788877779551855
631,230.79811679004425,7.510395997079419
540,220.68375531878317,19.580378847448866
501,239.73385960714324,8.427301201321562
146,222.45941617059253,19.66178176985552
332,224.62261824855293,12.97869059786395
404,221.03393674483053,7.0368357059590565
625,232.8000593367383,6.489533041305394
242,224.4940235394536,8.1329610605861
514,223.60020874945448,18.884559950380037
612,221.77111168446484,11.212253364923402
472,222.0661791424803,10.931514019893715
665,231.6934140088518,9.69809391605261
985,233.76415731733192,7.2059277584988255
358,227.947579769288,12.317767957886097
755,229.59794163184148,6.95071673766708
570,233.7193547196597,17.532203545734916
111,220.3475958037096,10.555954794129597
429,226.46261314140557,10.622053516726945
835,239.46195496140692,12.110096427247338
883,231.60224459390935,11.661915697486275
457,225.08449159794986,19.92286959588982
507,230.43460093272427,13.180716818274538
767,226.8530697624183,6.3230255568480604
472,230.644899776526,14.10316012365395
107,222.51483023613298,7.273764393048199
221,222.65429307638556,5.46406467097013
447,222.87084724078787,19.561132305158722
775,238.79639583853682,16.603083373018457
189,234.65797836682682,19.701634886206506
747,223.2476378932464,12.168176720333637
797,223.76698167531202,12.983862967234643
415,234.61658949741752,7.525054338786953
277,223.12327689584347,8.703611400013784
639,224.69122586669658,17.57823822354242
831,239.26693665640798,10.342784706763911
968,225.10613049456865,17.402224606946284
140,233.23264700742294,15.635205864305476
839,239.5726257480106,7.6575638790779825
803,227.48593534279584,12.611695491796132
601,220.35031981724126,15.160809822780752
244,224.8829458084475,8.525558222057377
300,236.6175438268341,17.46032765780115
823,237.29217671910072,13.172414863177803
560,235.37038729047583,7.478630756639048
831,222.26219638153145,13.744766392469037
851,235.91020743392806,19.99570706233871
657,238.37355593987007,7.257822374951203
646,232.01219085092472,17.25135395179292
352,238.81750712676129,8.10963504781337
489,236.53677767423756,16.73582494190131
693,233.33943033981814,16.0186688468212
982,231.54370473423495,9.507340784006486
355,226.9714733448394,9.887346763466748
808,223.1857489048561,16.887820879443787
914,232.09907845381082,11.92168267830969
549,226.3622310723624,15.962270430677131
109,237.32877335055292,7.219762210487522
923,239.86673874717258,17.7883667285233
897,235.04855525231144,15.663270750234787
341,221.809633905741,18.604142132522508
350,225.77371191061278,6.985585685524587
976,222.182192635315,13.895217505408965
104,233.0102329558343,13.986808775604878
218,235.3038172911157,10.301911108201736
900,238.51349661761424,11.876996368538867
473,228.76344692823974,5.569723449347802
164,238.0275129917689,16.18790057940518
245,237.55782318082655,13.239837191047611
323,226.34391433530797,5.8661157780376065
338,237.37801251081143,15.211338394407283
276,227.51344503763454,12.00173115846782
878,225.93738549120562,5.516918891375
952,232.98149317588786,19.54411590272143
381,226.56762455770163,19.236682146341607
162,232.6041749665829,12.693536242207964
316,232.1966361099739,6.405086310588652
953,231.26877854696917,16.319318323978877
926,227.60839408465594,12.378966501585936
894,230.96999443302954,9.5367121743407
788,231.92970949970842,12.371272662928352
560,230.91373776990946,12.836662181081966
709,228.88838905502402,13.440675485335088
204,220.29334114092526,11.618355704829899
198,231.741234154023,14.08632954708585
610,223.36888770285438,18.78102065909566
484,232.8515193789438,10.434021306478868
504,235.18688655845733,15.885746948299236
922,230.00890618261482,18.416788352363483
617,230.84727329959478,11.839689136399054
575,239.02957119331984,11.651837545728561
808,236.94334722745148,14.031754780321693
962,238.2847303190294,13.871101391337321
744,236.27532576639172,17.098840134894154
969,222.17836683693463,12.14725075667439
870,222.9798371194039,19.941844244591618
536,230.5324759453792,5.892073533009212
122,224.92139317595996,5.047517728710526
664,229.53390950082317,14.602974673394357
776,227.887306476367,9.47652368542815
813,230.98828476860908,8.605735830492257
557,234.93751432271645,9.678486200064206
182,234.3098181419855,8.840713476574315
244,230.42468264970668,5.461850744906718
184,236.44786837634115,19.57299563585883
177,228.61724183076066,8.311182326791727
556,237.93428579680244,16.010446438839594
977,221.42560540110327,16.43894592041263
100,239.09320060066614,18.93886097010844
150,233.09386162862697,5.4582418564007
784,227.60149017874411,18.080725076705114
816,223.94308253145755,12.908392712597003
871,229.583664588872,14.488161649487418
545,223.891166463706,14.667054156815505
548,223.32663215486284,17.29696707477091
980,232.3470351482595,10.001109832386657
587,230.46169449163568,15.9957678478999
899,233.40192069221882,12.928671645832956
133,238.59211754843977,16.900910214580215
447,230.6452042667808,19.858190491552
194,231.61864106525596,8.009765261056419
171,221.79252678309885,19.919729623399967
650,234.3527157181726,6.347182314241611
253,227.99810413608313,5.034763218572208
349,239.53450477325157,5.662429042667469
773,236.4634803119132,10.126736071051425
537,230.44962081032236,14.493594960176512
217,222.46445308344332,6.035443113317744
870,237.1883158656118,5.084987217943509
990,235.99562190848044,19.05636542688192
405,223.69170259074065,17.328899539098945
367,225.9055657844062,17.137747567085466
153,235.86814516295675,18.266364132529656
335,223.7045689309482,15.500514091581566
488,238.35504978342755,6.566061946221222
833,228.49054850392724,10.986502821105846
862,221.74077925175317,15.847242296969442
924,236.31497287008563,9.205016911872814
500,227.47019366076776,15.311095462043564
723,230.52998388307563,5.367476724014785
866,222.2460868882244,9.592060113193899
402,220.05168029689966,13.23695504415759
306,232.75970411586596,14.481347442593634
328,230.30350340667462,13.655609966928662
952,231.87077138246295,15.466344141101443
677,235.87487700761034,5.091331223597586
174,232.9321182684572,6.5141179996628225
534,223.49546885654755,18.034163784187175
202,227.215450382212,15.226229661352418
521,238.1178220957552,6.69397464029017
803,235.39889400503358,17.63111656097869
863,231.13274115873435,8.633468267368503
837,225.11289995618546,12.173898262928352
905,226.0412100366959,7.177947693269904
405,234.6391613517127,15.6516508463256
197,237.02348521705542,15.002816315214018
